No,Title,Description,"View Count","Created By"
1,"IDea by QAC Dept2"," IDea by QAC Dept2IDea by QAC Dept2IDea by QAC Dept2IDea by QAC Dept2IDea by QAC Dept2IDea by QAC Dept2IDea by QAC Dept2IDea by QAC Dept2IDea by QAC Dept2IDea by QAC Dept2IDea by QAC Dept2IDea by QAC Dept2IDea by QAC Dept2IDea by QAC Dept2IDea by QAC Dept2IDea by QAC Dept2IDea by QAC Dept2IDea by QAC Dept2IDea by QAC Dept2IDea by QAC Dept2IDea by QAC Dept2IDea by QAC Dept2IDea by QAC Dept2IDea by QAC Dept2IDea by QAC Dept2IDea by QAC Dept2IDea by QAC Dept2IDea by QAC Dept2IDea by QAC Dept2IDea by QAC Dept2IDea by QAC Dept2IDea by QAC Dept2IDea by QAC Dept2IDea by QAC Dept2"," 0"," User QACDept2"
2,IDea," 404
Not Found

404
Not Found

404
Not Found

404
Not Found

404
Not Found

404
Not Found

404
Not Found

404
Not Found

404
Not Found

404
Not Found

404
Not Found

404
Not Found

404
Not Found"," 0"," System Admin"
3,"Idea QAM"," 404
Not Found

404
Not Found

404
Not Found

404
Not Found

404
Not Found

404
Not Found

404
Not Found

404
Not Found

404
Not Found"," 0"," User QAMDept1"
